Statistic,Value
Final_Mean,0.006847680522965502
Final_Std,0.013018016709760953
