Statistic,Value
Final_Mean,0.012356817966666642
Final_Std,0.022505320649032462
