Statistic,Value
Final_Mean,0.02174861575757574
Final_Std,0.02640137755522908
