Statistic,Value
Final_Mean,0.02235676636363637
Final_Std,0.018821783550164884
