Statistic,Value
Final_Mean,0.033277463333333306
Final_Std,0.05107532850191946
