Statistic,Value
Final_Mean,0.006089931499999992
Final_Std,0.00899314610406476
