Statistic,Value
Final_Mean,0.005032453311731039
Final_Std,0.008383148934506101
