Statistic,Value
Final_Mean,0.023387275818181837
Final_Std,0.04339755772421226
